{
  "r": {
    "mu": -378.0140249231534,
    "sigma": 52.16022409877195
  },
  "aa": {
    "mu": -305.3473011265447,
    "sigma": 50.88217609447639
  },
  "et": {
    "mu": -379.4627527945833,
    "sigma": 53.787253947041094
  },
  "w": {
    "mu": -191.0937607090037,
    "sigma": 50.17429456582954
  },
  "v": {
    "mu": -213.33280191200052,
    "sigma": 51.88879167814822
  },
  "er": {
    "mu": -36.52602779348189,
    "sigma": 49.27871511054886
  },
  "e2": {
    "mu": 243.93757350087796,
    "sigma": 47.25815355828214
  },
  "e3": {
    "mu": 291.355132170419,
    "sigma": 47.31994582316408
  },
  "e4": {
    "mu": 318.38293052575494,
    "sigma": 47.41635509396155
  },
  "e5": {
    "mu": 291.63460643323793,
    "sigma": 47.41584900112878
  }
}