{
  "r": {
    "mu": 1341.4369042834824,
    "sigma": 78.55204194440714
  },
  "aa": {
    "mu": 1570.718661024761,
    "sigma": 65.28492731030471
  },
  "et": {
    "mu": 1323.6846388125791,
    "sigma": 83.70440431867131
  },
  "w": {
    "mu": 1615.9327561874013,
    "sigma": 61.04863925703048
  },
  "v": {
    "mu": 1556.1473848433113,
    "sigma": 64.08911222205614
  },
  "er": {
    "mu": 1648.261067348578,
    "sigma": 56.02991168432686
  },
  "e2": {
    "mu": 2081.1475235487346,
    "sigma": 47.18967840283195
  },
  "e3": {
    "mu": 2150.332042697511,
    "sigma": 47.09343209994401
  },
  "e4": {
    "mu": 2067.818508648184,
    "sigma": 47.33489936422132
  },
  "e5": {
    "mu": 2156.233439310909,
    "sigma": 47.30368360608178
  }
}