{
  "r": {
    "mu": 24.990421510073457,
    "sigma": 0.9417085238746629
  },
  "aa": {
    "mu": 26.376482072998787,
    "sigma": 0.9332913464839877
  },
  "et": {
    "mu": 21.357977036342707,
    "sigma": 1.05536162536453
  },
  "w": {
    "mu": 28.1487200887041,
    "sigma": 0.9290186534797593
  },
  "v": {
    "mu": 26.89161929236903,
    "sigma": 0.9108002258433477
  },
  "er": {
    "mu": 29.895739835438683,
    "sigma": 0.8696692612019367
  },
  "e2": {
    "mu": 35.71217118803246,
    "sigma": 0.8677561122628789
  },
  "e3": {
    "mu": 37.95440024842684,
    "sigma": 1.153305782420986
  },
  "e4": {
    "mu": 36.52742372422073,
    "sigma": 1.0977425328862507
  },
  "e5": {
    "mu": 37.85808440776708,
    "sigma": 1.1608471142969607
  }
}