{
  "timestamp": "2026-01-08T21:54:59.635172",
  "mode": "audit",
  "meta": {
    "model_name": "pfsp_655k",
    "model_path": "checkpoints/attention_baseline/pfsp_pool/pfsp_655k.zip",
    "games_per_match": 40
  },
  "ratings": {
    "pfsp_655k": {
      "mu": 1824.7297291336529,
      "sigma": 50.501946915384806,
      "expose": 1673.2238883874984
    },
    "Random": {
      "mu": 1341.4369042834824,
      "sigma": 78.55204194440714,
      "expose": 1105.7807784502609
    },
    "AttachAttack": {
      "mu": 1570.718661024761,
      "sigma": 65.28492731030471,
      "expose": 1374.863879093847
    },
    "EndTurn": {
      "mu": 1323.6846388125791,
      "sigma": 83.70440431867131,
      "expose": 1072.5714258565652
    },
    "WeightedRandom": {
      "mu": 1615.9327561874013,
      "sigma": 61.04863925703048,
      "expose": 1432.7868384163098
    },
    "ValueFunction": {
      "mu": 1556.1473848433113,
      "sigma": 64.08911222205614,
      "expose": 1363.880048177143
    },
    "EvolutionRusher": {
      "mu": 1648.261067348578,
      "sigma": 56.02991168432686,
      "expose": 1480.1713322955975
    },
    "Expectiminimax(2)": {
      "mu": 2081.1475235487346,
      "sigma": 47.18967840283195,
      "expose": 1939.578488340239
    },
    "Expectiminimax(3)": {
      "mu": 2150.332042697511,
      "sigma": 47.09343209994401,
      "expose": 2009.051746397679
    },
    "Expectiminimax(4)": {
      "mu": 2067.818508648184,
      "sigma": 47.33489936422132,
      "expose": 1925.81381055552
    },
    "Expectiminimax(5)": {
      "mu": 2156.233439310909,
      "sigma": 47.30368360608178,
      "expose": 2014.3223884926638
    }
  },
  "stats": {}
}