{
  "timestamp": "2026-01-08T22:34:37.838634",
  "mode": "bench",
  "meta": {
    "directory": "checkpoints/attention_baseline/pfsp_pool/",
    "games_per_match": 20,
    "participants": [
      "pfsp_1048k",
      "pfsp_1114k",
      "pfsp_1245k",
      "pfsp_1310k",
      "pfsp_1507k",
      "pfsp_851k",
      "pfsp_917k",
      "pfsp_983k",
      "Expectiminimax(2)",
      "Expectiminimax(3)",
      "Expectiminimax(4)"
    ]
  },
  "ratings": {
    "pfsp_1048k": {
      "mu": 1592.708389353441,
      "sigma": 53.7572377200462,
      "expose": 1431.4366761933022
    },
    "pfsp_1114k": {
      "mu": 1642.4815497235265,
      "sigma": 50.83966522728256,
      "expose": 1489.962554041679
    },
    "pfsp_1245k": {
      "mu": 1600.188936214904,
      "sigma": 50.90765827122731,
      "expose": 1447.465961401222
    },
    "pfsp_1310k": {
      "mu": 1527.6000532581015,
      "sigma": 51.57591650516803,
      "expose": 1372.8723037425975
    },
    "pfsp_1507k": {
      "mu": 1563.6737432979837,
      "sigma": 51.12994632940093,
      "expose": 1410.2839043097808
    },
    "pfsp_851k": {
      "mu": 1511.019070689248,
      "sigma": 51.12752231370546,
      "expose": 1357.6365037481316
    },
    "pfsp_917k": {
      "mu": 1543.4865326897639,
      "sigma": 50.40217992068346,
      "expose": 1392.2799929277135
    },
    "pfsp_983k": {
      "mu": 1473.844574122487,
      "sigma": 51.12187944811026,
      "expose": 1320.4789357781563
    },
    "Expectiminimax(2)": {
      "mu": 1793.9193049310397,
      "sigma": 48.935271278112104,
      "expose": 1647.1134910967035
    },
    "Expectiminimax(3)": {
      "mu": 1766.1601477029888,
      "sigma": 48.47449914309386,
      "expose": 1620.7366502737073
    },
    "Expectiminimax(4)": {
      "mu": 1927.713025569616,
      "sigma": 50.0368050918533,
      "expose": 1777.6026102940561
    }
  },
  "stats": {
    "pfsp_1048k": {
      "wins": 78,
      "losses": 122,
      "draws": 0
    },
    "pfsp_1114k": {
      "wins": 94,
      "losses": 106,
      "draws": 0
    },
    "pfsp_1245k": {
      "wins": 91,
      "losses": 109,
      "draws": 0
    },
    "pfsp_1310k": {
      "wins": 80,
      "losses": 118,
      "draws": 2
    },
    "pfsp_1507k": {
      "wins": 94,
      "losses": 104,
      "draws": 2
    },
    "pfsp_851k": {
      "wins": 74,
      "losses": 122,
      "draws": 4
    },
    "pfsp_917k": {
      "wins": 84,
      "losses": 115,
      "draws": 1
    },
    "pfsp_983k": {
      "wins": 75,
      "losses": 124,
      "draws": 1
    },
    "Expectiminimax(2)": {
      "wins": 138,
      "losses": 61,
      "draws": 1
    },
    "Expectiminimax(3)": {
      "wins": 127,
      "losses": 73,
      "draws": 0
    },
    "Expectiminimax(4)": {
      "wins": 159,
      "losses": 40,
      "draws": 1
    }
  }
}